"","original","calibrated"
"BA",9.48703032705615,5.08605909508839
"D",10.6665436625431,8.25817548543936
"N",1979.42454269276,1969.85450948189
"Ws",42.6982185018069,26.9228905581236
"Wf",7.50621885669988,7.19155137876824
"Wr",14.8308349485811,9.64978760511681
"soilC",85.4798107737744,83.8656407866462
