"","original","calibrated"
"BA",9.48703032705615,4.51990256019532
"D",10.6665436625431,7.64688731272676
"N",1979.42454269276,1809.90036874651
"Ws",42.6982185018069,20.9712361636339
"Wf",7.50621885669988,7.8000313133483
"Wr",14.8308349485811,13.987807259187
"soilC",85.4798107737744,83.3958258270805
